Ticket Number,Title,Description,Status,Priority,Category,Subcategory,Created By,Creator Name,Creator Email,Assigned To,Assignee Name,Assignee Email,Created At,Updated At,Resolved At
1,"Productivity sheet sharing with client clarification","Need to get clarification on how to send the productivity sheet teams link to the client",RESOLVED,MEDIUM,IT_SUPPORT,PHONE,ACE111,"Chhamavi Jain",cjain@acehcs.com,ACE012,"Mantu Madhheshiya",mmaddheshiya@acehcs.com,2025-12-31T20:34:25.491Z,2026-01-21T21:50:13.433Z,2025-12-31T20:38:07.167Z
2,"Portal login issue","Hello, I am facing an issue with the RingCentral Analytics home page. I observed that when my VPN is connected, the URL is not working but when I disconnect my VPN it starts working. Please review and assist further as soon as possible. I attached a link below.

https://analytics.ringcentral.com/home",RESOLVED,URGENT,IT_SUPPORT,NETWORK,ACE164,"Mohammed Jaliya",mjaliya@acehcs.com,ACE012,"Mantu Madhheshiya",mmaddheshiya@acehcs.com,2025-12-31T20:48:06.378Z,2026-01-21T21:50:13.435Z,2025-12-31T20:52:07.595Z
3,"Mouse not working intermittently","A few hours ago, the mouse stopped working. After some time, it started functioning again, but now it has stopped working once more. Please assist in troubleshooting and resolving the issue.",RESOLVED,HIGH,IT_SUPPORT,HARDWARE,ACE013,"Urvi Kadia",ukadia@acehcs.com,ACE012,"Mantu Madhheshiya",mmaddheshiya@acehcs.com,2026-01-05T14:59:50.507Z,2026-01-21T21:50:13.437Z,2026-01-05T17:19:23.898Z
4,"I AM UNABLE TO LOGIN INTO THE MCR EMAIL ","I’m experiencing an issue logging into my MCR email.”",RESOLVED,URGENT,IT_SUPPORT,OTHER,ACE224,"Bhavesh Firke",bfirke@acehcs.com,ACE012,"Mantu Madhheshiya",mmaddheshiya@acehcs.com,2026-01-05T16:52:58.605Z,2026-01-21T21:50:13.439Z,2026-01-05T17:29:00.499Z
5,"internet vpn not working","vpn not working ",RESOLVED,MEDIUM,IT_SUPPORT,NETWORK,ACE280,"Marcia Cumbe",mcumbe@acehcs.com,ACE012,"Mantu Madhheshiya",mmaddheshiya@acehcs.com,2026-01-05T18:14:51.163Z,2026-01-21T21:50:13.441Z,2026-01-05T18:41:34.885Z
6,"Request for a Headphone","My current headphone is hardly audible to my patients. My patients complain of background crackling noise that sound like electric stutter making it hard for them to hear me. This has  been going on  now for a second week. This creates struggle in communication causing patients to hangup on me terming it as obnoxious. ",RESOLVED,URGENT,IT_SUPPORT,PHONE,ACE318,"Anthony Mwangi",amwangi@acehcs.com,ACE012,"Mantu Madhheshiya",mmaddheshiya@acehcs.com,2026-01-05T18:54:49.613Z,2026-01-21T21:50:13.443Z,2026-01-05T20:13:06.877Z
7,"Legging ","Multiple browser tabs launched unexpectedly.",RESOLVED,URGENT,IT_SUPPORT,OTHER,ACE117,"Karan Shukla",kshukla@acehcs.com,ACE012,"Mantu Madhheshiya",mmaddheshiya@acehcs.com,2026-01-05T19:29:15.573Z,2026-01-21T21:50:13.446Z,2026-01-05T19:50:00.876Z
8,"I'm having issue with network my Athena is working very slow right now not working","Athena not working",RESOLVED,MEDIUM,IT_SUPPORT,NETWORK,ACE131,"Minal Desai",mdesai@acehcs.com,ACE012,"Mantu Madhheshiya",mmaddheshiya@acehcs.com,2026-01-05T20:22:27.512Z,2026-01-21T21:50:13.448Z,2026-01-06T13:48:44.026Z
9,"chrome/gmail log in issue","Whenever the VPN is on, I am not able to login my gmail account and I have to turn off my VPN everytime. ",RESOLVED,HIGH,IT_SUPPORT,OTHER,ACE111,"Chhamavi Jain",cjain@acehcs.com,ACE012,"Mantu Madhheshiya",mmaddheshiya@acehcs.com,2026-01-06T13:21:09.585Z,2026-01-21T21:50:13.450Z,2026-01-08T21:56:15.540Z
10,"Email to Client","Please send the credential deactivation request for Syeda Ahmed ( CSR) Copy Beatrice Richemond in the email too for MCR.",RESOLVED,HIGH,IT_SUPPORT,OTHER,ACE111,"Chhamavi Jain",cjain@acehcs.com,ACE012,"Mantu Madhheshiya",mmaddheshiya@acehcs.com,2026-01-06T13:23:07.747Z,2026-01-21T21:50:13.453Z,2026-01-06T13:48:46.438Z
11,"Ticketing system issue","One of the employees is unable to raise ticket and gets an error. Employee name- Azim Shaikh.",RESOLVED,MEDIUM,IT_SUPPORT,OTHER,ACE111,"Chhamavi Jain",cjain@acehcs.com,ACE321,"Rohit Shukla",rshukla@acehcs.com,2026-01-06T13:26:14.197Z,2026-01-21T21:50:13.455Z,2026-01-06T13:48:10.165Z
12,"Hide VPN ID Password","Hide VPN Signoff automatically and need updated id password.",RESOLVED,MEDIUM,IT_SUPPORT,OTHER,ACE011,"Manojkumar Patel",mpatel@acehcs.com,ACE012,"Mantu Madhheshiya",mmaddheshiya@acehcs.com,2026-01-06T18:35:27.362Z,2026-01-21T21:50:13.458Z,2026-01-06T18:36:15.118Z
13,"Request for Athena and Outlook Credentials – Kaustab Hazarika (MCR-CSR)","Please provide Athena and Outlook credentials for Kaustab Hazarika (MCR-CSR). Kindly confirm once the credentials have been set up.

Thank you.",RESOLVED,MEDIUM,IT_SUPPORT,OTHER,ACE088,"Sai Raj",sraj@acehcs.com,ACE012,"Mantu Madhheshiya",mmaddheshiya@acehcs.com,2026-01-06T18:46:46.998Z,2026-01-21T21:50:13.462Z,2026-01-06T21:58:49.298Z
14,"Athena is not working properly ","it's take time to load a page ",RESOLVED,MEDIUM,IT_SUPPORT,OTHER,ACE260,"Abrar Shaikh",abshaikh@acehcs.com,ACE012,"Mantu Madhheshiya",mmaddheshiya@acehcs.com,2026-01-07T13:36:58.398Z,2026-01-21T21:50:13.465Z,2026-01-07T22:11:49.202Z
15,"Headphones Not Working","Headphones Not Working",RESOLVED,URGENT,IT_SUPPORT,HARDWARE,ACE246,"Harin Rajendra Avasathi",havasathi@acehcs.com,ACE012,"Mantu Madhheshiya",mmaddheshiya@acehcs.com,2026-01-07T13:50:21.202Z,2026-01-21T21:50:13.467Z,2026-01-07T19:17:45.221Z
16,"go to is not working","go to is not working properly.",RESOLVED,MEDIUM,IT_SUPPORT,OTHER,ACE281,"Sameer Chavda",schavda@acehcs.com,ACE012,"Mantu Madhheshiya",mmaddheshiya@acehcs.com,2026-01-07T14:41:30.610Z,2026-01-21T21:50:13.469Z,2026-01-07T19:17:42.358Z
17,"Curser not showing in excel sheet","When I using excel sheet that time curser was not working  ",RESOLVED,HIGH,IT_SUPPORT,SOFTWARE,ACE236,"Sufel Shaikh",sshaikh@acehcs.com,ACE012,"Mantu Madhheshiya",mmaddheshiya@acehcs.com,2026-01-07T20:03:02.356Z,2026-01-21T21:50:13.471Z,2026-01-07T20:03:28.182Z
18,"My PC is not working at all !!! ","My screen froze",RESOLVED,URGENT,IT_SUPPORT,OTHER,ACE253,"Ishita Chatwani",ichatwani@acehcs.com,ACE321,"Rohit Shukla",rshukla@acehcs.com,2026-01-07T20:12:16.306Z,2026-01-21T21:50:13.473Z,2026-01-07T20:13:46.208Z
19,"MCR Credentials","Hello Mantu, can you please send an email to MCR IS helpdesk to not work on Kaustab Hazarika's credentials anymore and delete everything if there is something that has been created as he will no longer continue with MCR. Thank you",RESOLVED,URGENT,IT_SUPPORT,OTHER,ACE111,"Chhamavi Jain",cjain@acehcs.com,ACE012,"Mantu Madhheshiya",mmaddheshiya@acehcs.com,2026-01-07T20:37:12.377Z,2026-01-21T21:50:13.475Z,2026-01-07T21:45:38.929Z
20,"New Headphone request","My headphone is not working properly and disconnecting by itself again and again, Please Help ASAP as I'm on live calls ",RESOLVED,URGENT,IT_SUPPORT,HARDWARE,ACE117,"Karan Shukla",kshukla@acehcs.com,ACE012,"Mantu Madhheshiya",mmaddheshiya@acehcs.com,2026-01-08T13:59:09.989Z,2026-01-21T21:50:13.477Z,2026-01-08T14:17:35.127Z
21,"Zoiper Legging ","on live calls and zoiper is legging beacuse of these calls are getting missed",RESOLVED,URGENT,IT_SUPPORT,OTHER,ACE117,"Karan Shukla",kshukla@acehcs.com,ACE012,"Mantu Madhheshiya",mmaddheshiya@acehcs.com,2026-01-08T14:06:36.882Z,2026-01-21T21:50:13.479Z,2026-01-08T21:09:05.522Z
22,"Required training headphones ","Required training headphones as the previous one are not working facing issues while talking to the patients ",RESOLVED,URGENT,IT_SUPPORT,HARDWARE,ACE117,"Karan Shukla",kshukla@acehcs.com,ACE012,"Mantu Madhheshiya",mmaddheshiya@acehcs.com,2026-01-08T14:08:26.066Z,2026-01-21T21:50:13.481Z,2026-01-08T14:17:19.618Z
23,"VPN not working properly","I'm using NordLayer VPN and its not working proply. ",RESOLVED,URGENT,IT_SUPPORT,NETWORK,ACE296,"Prakashbhai Ladumor",pladumor@acehcs.com,ACE012,"Mantu Madhheshiya",mmaddheshiya@acehcs.com,2026-01-08T15:47:13.140Z,2026-01-21T21:50:13.484Z,2026-01-09T15:05:33.469Z
24,"I would like to request a new pair of headphones for work purposes","My current headphones are not functioning properly, and I need a replacement to ensure smooth communication during calls 
Please let me know if any additional information is needed",RESOLVED,MEDIUM,IT_SUPPORT,HARDWARE,ACE260,"Abrar Shaikh",abshaikh@acehcs.com,ACE012,"Mantu Madhheshiya",mmaddheshiya@acehcs.com,2026-01-08T16:47:37.713Z,2026-01-21T21:50:13.486Z,2026-01-08T21:10:02.884Z
25,"I-Pad charger is not working","The charger is not working & I need to charge the I-Pad .",RESOLVED,URGENT,IT_SUPPORT,OTHER,ACE157,"Sonia Moses",smoses@acehcs.com,ACE321,"Rohit Shukla",rshukla@acehcs.com,2026-01-08T16:58:29.757Z,2026-01-21T21:50:13.489Z,2026-01-08T19:00:32.214Z
26,"require guidance regarding cloud settings.","I need to upload a file cloud and save the link in the handbook, need your guidance regarding the same.",RESOLVED,HIGH,IT_SUPPORT,EMAIL,ACE157,"Sonia Moses",smoses@acehcs.com,ACE321,"Rohit Shukla",rshukla@acehcs.com,2026-01-08T18:18:49.304Z,2026-01-21T21:50:13.492Z,2026-01-08T21:08:23.461Z
27,"Need new mouse","I need new mouse, as this is not working properly sometimes.",RESOLVED,MEDIUM,IT_SUPPORT,OTHER,ACE313,"Shweta Ghadage",sghadage@acehcs.com,ACE012,"Mantu Madhheshiya",mmaddheshiya@acehcs.com,2026-01-09T11:55:44.520Z,2026-01-21T21:50:13.495Z,2026-01-09T14:50:10.986Z
28,"ECW","Please Install ECW app in my system.",RESOLVED,MEDIUM,IT_SUPPORT,OTHER,ACE313,"Shweta Ghadage",sghadage@acehcs.com,ACE012,"Mantu Madhheshiya",mmaddheshiya@acehcs.com,2026-01-09T12:27:32.704Z,2026-01-21T21:50:13.497Z,2026-01-09T14:50:07.820Z
29,"ECW ","Please install ECW app in my System.",RESOLVED,MEDIUM,IT_SUPPORT,OTHER,ACE314,"Priya Gaikwad",pgaikwad@acehcs.com,ACE012,"Mantu Madhheshiya",mmaddheshiya@acehcs.com,2026-01-09T12:27:49.567Z,2026-01-21T21:50:13.499Z,2026-01-09T14:50:06.057Z
30,"Headphone Not Working Properly","Dear Sir,
This is Rohit Dubey. For the past couple of days, my headphones have not been working properly. Could you please assist me in resolving this issue?
Thank you for your support.
Best regards,
Rohit Dubey",RESOLVED,HIGH,IT_SUPPORT,OTHER,ACE268,"Rohit Dubey",rdubey@acehcs.com,ACE012,"Mantu Madhheshiya",mmaddheshiya@acehcs.com,2026-01-09T13:52:04.467Z,2026-01-21T21:50:13.501Z,2026-01-09T15:05:31.040Z
31,"Request for ECW set up Installation","I am writing to kindly request for the installation of  ECW software as it is running pretty much slow using the link. Kindly assist me with the software installation.",RESOLVED,MEDIUM,IT_SUPPORT,OTHER,ACE255,"Reza Mohseni",rmohseni@acehcs.com,ACE321,"Rohit Shukla",rshukla@acehcs.com,2026-01-09T14:24:01.204Z,2026-01-21T21:50:13.503Z,2026-01-09T14:50:13.519Z
32,"VPN Login","Need to VPN login for accessing payer websites and portals",RESOLVED,MEDIUM,IT_SUPPORT,OTHER,ACE1118,"Ankit Mali",anmali@acehcs.com,ACE012,"Mantu Madhheshiya",mmaddheshiya@acehcs.com,2026-01-09T14:59:28.164Z,2026-01-21T21:50:13.505Z,2026-01-09T15:05:26.772Z
33,"Network issues","While speaking with pt pt are having trouble in listening clearly complaining about voice is breaking up  ",RESOLVED,HIGH,IT_SUPPORT,NETWORK,ACE141,"Azim Shaikh",azshaikh@acehcs.com,ACE012,"Mantu Madhheshiya",mmaddheshiya@acehcs.com,2026-01-09T17:19:56.127Z,2026-01-21T21:50:13.507Z,2026-01-09T20:15:09.889Z
34,"Installation of TinyTake Application","Unable to install the application that was earlier installed by the IT on my system, This application helps me create SOP and other descriptive charts.",RESOLVED,URGENT,IT_SUPPORT,SOFTWARE,ACE009,"Jitender Sharma",jsharma@acehcs.com,ACE012,"Mantu Madhheshiya",mmaddheshiya@acehcs.com,2026-01-09T21:03:32.986Z,2026-01-21T21:50:13.509Z,2026-01-09T21:27:22.072Z
35,"Monitors need to be raised and New head phone","Good afternoon I would really appreciate it if you could please raise my monitors and I would also like to get the new headphones (The amazon basics) as the olds ones give me too much headache. Kindly look into this ",RESOLVED,MEDIUM,IT_SUPPORT,OTHER,ACE324,"Atem Mabior",amabior@acehcs.com,ACE012,"Mantu Madhheshiya",mmaddheshiya@acehcs.com,2026-01-09T22:07:00.449Z,2026-01-21T21:50:13.511Z,2026-01-12T18:02:42.776Z
36,"Desk Change","Changing the Desk between Uday and Akshit .",RESOLVED,HIGH,IT_SUPPORT,HARDWARE,ACE055,"Uday Amin",uamin@acehcs.com,ACE321,"Rohit Shukla",rshukla@acehcs.com,2026-01-12T10:40:15.845Z,2026-01-21T21:50:13.514Z,2026-01-12T12:43:11.420Z
37,"PC change","Kaustab place change for",RESOLVED,MEDIUM,IT_SUPPORT,HARDWARE,ACE027,"Pruthak Sata",psata@acehcs.com,ACE321,"Rohit Shukla",rshukla@acehcs.com,2026-01-12T12:35:22.247Z,2026-01-21T21:50:13.516Z,2026-01-12T12:43:28.467Z
38,"internet is not working ","internet is not working ",RESOLVED,MEDIUM,IT_SUPPORT,OTHER,ACE223,"Kismat Solanki",ksolanki@acehcs.com,ACE321,"Rohit Shukla",rshukla@acehcs.com,2026-01-12T13:21:58.006Z,2026-01-21T21:50:13.519Z,2026-01-12T13:22:47.687Z
39,"VPN issue","I'm having internet problems due to my VPN.
When I connect to the VPN, my system disconnects from the internet and I can't access anything. Once I disconnect the VPN, everything is fine.",RESOLVED,HIGH,IT_SUPPORT,NETWORK,ACE033,"Jyotika Shyamdasani",jshyamdasani@acehcs.com,ACE012,"Mantu Madhheshiya",mmaddheshiya@acehcs.com,2026-01-12T13:33:08.391Z,2026-01-21T21:50:13.522Z,2026-01-12T18:02:38.199Z
40,"Authenticator fix","Atem Mabior athena authenticator is set up in my phone, I would like it to change from my phone to his personal system. ",RESOLVED,MEDIUM,IT_SUPPORT,OTHER,ACE111,"Chhamavi Jain",cjain@acehcs.com,ACE012,"Mantu Madhheshiya",mmaddheshiya@acehcs.com,2026-01-12T13:54:00.604Z,2026-01-21T21:50:13.527Z,2026-01-12T18:02:35.577Z
41,"Ringh Central is not working ","On opening ring central its giving a message no internet connection ",RESOLVED,URGENT,IT_SUPPORT,OTHER,ACE241,"Shish Chauhan",schauhan@acehcs.com,ACE012,"Mantu Madhheshiya",mmaddheshiya@acehcs.com,2026-01-12T13:56:23.170Z,2026-01-21T21:50:13.529Z,2026-01-12T17:38:37.372Z
42,"Onboarding ","Jayesh Kachave 	
Krish Purohit 	
Resego Nsagwa	
Freda Pule 
Hiral Vadera	
",RESOLVED,URGENT,IT_SUPPORT,HARDWARE,ACE071,"Drishti Ghosh",dghosh@acehcs.com,ACE012,"Mantu Madhheshiya",mmaddheshiya@acehcs.com,2026-01-12T15:02:11.254Z,2026-01-21T21:50:13.531Z,2026-01-12T17:25:09.837Z
43,"Add employee to Email group ","Hello team,

We have Email Group for FHCGA (Family Collection) and would like to Include Akshit in That Group.
Email. FHCG@acehcs.com",RESOLVED,HIGH,IT_SUPPORT,EMAIL,ACE055,"Uday Amin",uamin@acehcs.com,ACE012,"Mantu Madhheshiya",mmaddheshiya@acehcs.com,2026-01-12T19:02:37.664Z,2026-01-21T21:50:13.533Z,2026-01-13T19:11:37.502Z
44,"Internet issue","My internet is not working. ",RESOLVED,URGENT,IT_SUPPORT,OTHER,ACE111,"Chhamavi Jain",cjain@acehcs.com,ACE012,"Mantu Madhheshiya",mmaddheshiya@acehcs.com,2026-01-13T14:46:16.897Z,2026-01-21T21:50:13.535Z,2026-01-13T19:11:31.914Z
45,"I am facing issue in My laptop screen it has been black out agian and again ","I am having an issue with my laptop screen. It keeps going black again and again while I am using it, which makes it hard to work. I need help to fix this problem",RESOLVED,URGENT,IT_SUPPORT,HARDWARE,ACE198,"Amaan Kazi",akazi@acehcs.com,ACE012,"Mantu Madhheshiya",mmaddheshiya@acehcs.com,2026-01-13T17:32:25.872Z,2026-01-21T21:50:13.537Z,2026-01-13T19:11:27.379Z
46,"Require New Headphones","I need a new headset has my current ones are damaged and are unable to be used",RESOLVED,URGENT,IT_SUPPORT,HARDWARE,ACE254,"Smit Viramgamiya",sviramgamiya@acehcs.com,ACE012,"Mantu Madhheshiya",mmaddheshiya@acehcs.com,2026-01-13T18:11:39.534Z,2026-01-21T21:50:13.540Z,2026-01-13T21:24:29.564Z
47,"Ring central Max","I am unable to login to ringcentral max ",RESOLVED,HIGH,IT_SUPPORT,OTHER,ACE111,"Chhamavi Jain",cjain@acehcs.com,ACE321,"Rohit Shukla",rshukla@acehcs.com,2026-01-15T14:07:57.193Z,2026-01-21T21:50:13.543Z,2026-01-15T15:08:09.119Z
48,"Head Phone Change","My current headphones are not functioning properly. The audio frequently cuts out, and the microphone quality has also degraded. This is impacting my calls and overall productivity, so I need a replacement.",RESOLVED,MEDIUM,IT_SUPPORT,HARDWARE,ACE224,"Bhavesh Firke",bfirke@acehcs.com,ACE321,"Rohit Shukla",rshukla@acehcs.com,2026-01-15T20:02:05.687Z,2026-01-21T21:50:13.545Z,2026-01-15T20:24:06.582Z
49,"Request for change of headphones.","Hello IT Team, 
I would like to request a replacement for my current headphones. The headphones I am using have damaged/cut wires and are no longer functioning properly, which is affecting audio quality during work.
Kindly let me know the process to get a new pair issued or if any additional information is required from my side.
Thank you for your support.",RESOLVED,MEDIUM,IT_SUPPORT,HARDWARE,ACE242,"Nikshay Agrawal",nagrawal@acehcs.com,ACE321,"Rohit Shukla",rshukla@acehcs.com,2026-01-16T13:15:42.524Z,2026-01-21T21:50:13.547Z,2026-01-16T14:05:38.905Z
50,"Change in surname for Hiral.","Hey Mantu,
kindly change Hiral's Surname from Vadera to Patel as Vadera is her Maiden surname and her Adhar, Pan & Bank account hold Patel as surname.

Thanks",PENDING,MEDIUM,IT_SUPPORT,OTHER,ACE157,"Sonia Moses",smoses@acehcs.com,ACE012,"Mantu Madhheshiya",mmaddheshiya@acehcs.com,2026-01-16T15:17:14.169Z,2026-01-21T21:50:13.550Z,
51,"Request for helping me get a replacement for the Issued Headphones which was stolen from my desk","As Previously issued headphones appear to have been taken without my knowledge and replaced with a damaged pair. I noticed this recently, and the current headphones in my possession are not the ones originally assigned to me and are not in usable condition.

I kindly request your support in helping me get a replacement for the stolen/damaged headphones so I can continue my work without interruption.",RESOLVED,MEDIUM,IT_SUPPORT,HARDWARE,ACE224,"Bhavesh Firke",bfirke@acehcs.com,ACE321,"Rohit Shukla",rshukla@acehcs.com,2026-01-16T18:19:37.570Z,2026-01-21T21:50:13.552Z,2026-01-16T18:51:16.303Z
52,"Bhakti's System","Bhakti's system is gone on auto repair mode and now it's not working at all. ",RESOLVED,URGENT,IT_SUPPORT,HARDWARE,ACE014,"Urja Shah",ushah@acehcs.com,ACE012,"Mantu Madhheshiya",mmaddheshiya@acehcs.com,2026-01-19T12:56:45.760Z,2026-01-21T21:50:13.554Z,2026-01-20T19:22:13.136Z
53,"Doctor's Hospital Portal","Need to install Doctor's Hospital portal on Monali Kale's system. ",RESOLVED,HIGH,IT_SUPPORT,SOFTWARE,ACE014,"Urja Shah",ushah@acehcs.com,ACE012,"Mantu Madhheshiya",mmaddheshiya@acehcs.com,2026-01-19T12:57:47.942Z,2026-01-22T14:06:10.185Z,2026-01-22T14:06:11.111Z
54,"onboarding seating and system arrangement ","Yash Sureliya	Payment Posting 	21-Jan-26
Zenil Shah	EVBV	21-Jan-26
Abhi Mistry 	EVBV	21-Jan-26
",RESOLVED,HIGH,IT_SUPPORT,OTHER,ACE071,"Drishti Ghosh",dghosh@acehcs.com,ACE012,"Mantu Madhheshiya",mmaddheshiya@acehcs.com,2026-01-19T14:01:50.924Z,2026-01-22T14:06:07.044Z,2026-01-22T14:06:07.964Z
55,"VPN is not working ","VPN is not working ",RESOLVED,MEDIUM,IT_SUPPORT,OTHER,ACE223,"Kismat Solanki",ksolanki@acehcs.com,ACE321,"Rohit Shukla",rshukla@acehcs.com,2026-01-22T13:30:58.563Z,2026-01-22T13:39:21.486Z,2026-01-22T13:39:20.416Z
56,"Deactivation of credentials","Please send an email to MCR IT , CC: Beatrice for the deactivation of MCR credentials for Priyanshu Vaghela.",RESOLVED,HIGH,IT_SUPPORT,OTHER,ACE111,"Chhamavi Jain",cjain@acehcs.com,ACE012,"Mantu Madhheshiya",mmaddheshiya@acehcs.com,2026-01-22T13:41:01.757Z,2026-01-22T14:06:00.671Z,2026-01-22T14:06:01.596Z
57,"New Account creation","Please request to create new MCR credentials for 
1) Krish Purohit
2) Resego Nsagwa
3) Freda Tule",RESOLVED,HIGH,IT_SUPPORT,OTHER,ACE111,"Chhamavi Jain",cjain@acehcs.com,ACE012,"Mantu Madhheshiya",mmaddheshiya@acehcs.com,2026-01-22T13:43:12.044Z,2026-01-22T14:03:56.817Z,2026-01-22T14:03:52.132Z
58,"Request for change of training earphones.","Hello IT Team, 
I would like to request a replacement for training earphones. The earphones trainee is using is damaged and are no longer functioning properly, which is affecting audio quality during call.
Kindly let me know the process to get a new pair issued or if any additional information is required from my side.
Thank you for your support.",RESOLVED,LOW,IT_SUPPORT,HARDWARE,ACE242,"Nikshay Agrawal",nagrawal@acehcs.com,ACE321,"Rohit Shukla",rshukla@acehcs.com,2026-01-22T13:47:36.418Z,2026-01-22T13:49:27.521Z,2026-01-22T13:49:25.656Z
59,"VPI credentials required.","I am unable to log in VPN. Can you please provide me VPN credentials.",RESOLVED,MEDIUM,IT_SUPPORT,NETWORK,ACE296,"Prakashbhai Ladumor",pladumor@acehcs.com,ACE012,"Mantu Madhheshiya",mmaddheshiya@acehcs.com,2026-01-22T14:09:15.110Z,2026-01-22T14:46:47.480Z,2026-01-22T14:46:47.019Z
60,"Headphone Changes","I have been trying since the morning to get connect my headphone in my system, but I is not working at all. Please help to resolve this issue. Thank You for understanding.",RESOLVED,URGENT,IT_SUPPORT,HARDWARE,ACE275,"Om Patel",opatel@acehcs.com,ACE012,"Mantu Madhheshiya",mmaddheshiya@acehcs.com,2026-01-22T14:52:24.896Z,2026-01-22T19:39:23.674Z,2026-01-22T19:39:22.677Z
61,"I want to change my system ( desktop ) password for security purpose.","Can you please change my system password for privacy and security persose.",RESOLVED,URGENT,IT_SUPPORT,OTHER,ACE296,"Prakashbhai Ladumor",pladumor@acehcs.com,ACE012,"Mantu Madhheshiya",mmaddheshiya@acehcs.com,2026-01-22T15:31:19.424Z,2026-01-22T19:39:26.083Z,2026-01-22T19:39:25.084Z
62,"ECW ISSUE","I cannot print or check Claim form in ecw, there maybe issued for plugins or some thing it always opens in word.",IN_PROGRESS,MEDIUM,IT_SUPPORT,SOFTWARE,ACE185,"Kamal Shetty",kshetty@acehcs.com,ACE012,"Mantu Madhheshiya",mmaddheshiya@acehcs.com,2026-01-22T18:20:53.459Z,2026-01-22T18:25:01.728Z,
63,"Outlook asking for sign in.","Outlook asking for password to sign in my email.",IN_PROGRESS,URGENT,IT_SUPPORT,EMAIL,ACE296,"Prakashbhai Ladumor",pladumor@acehcs.com,ACE012,"Mantu Madhheshiya",mmaddheshiya@acehcs.com,2026-01-22T18:29:57.633Z,2026-01-22T18:39:05.666Z,
64,"GEHRIMED Verification Code","I didn't get Verification Code for GEHRIMED from Jinendra Sir, I have to login",IN_PROGRESS,URGENT,IT_SUPPORT,OTHER,ACE236,"Sufel Shaikh",sshaikh@acehcs.com,ACE012,"Mantu Madhheshiya",mmaddheshiya@acehcs.com,2026-01-22T19:36:24.717Z,2026-01-22T19:39:38.795Z,